INSERT INTO Curso (id, curso, campus, periodo) VALUES (1, 'Análise e Desenvolvimento de Sistemas', 'Tatuapé', 'M');
INSERT INTO Curso (id, curso, campus, periodo) VALUES (2, 'Análise e Desenvolvimento de Sistemas', 'Tatuapé', 'N');
INSERT INTO Curso (id, curso, campus, periodo) VALUES (3, 'Ciência da Computação', 'Tatuapé', 'V');
INSERT INTO Curso (id, curso, campus, periodo) VALUES (4, 'Ciência da Computação', 'Tatuapé', 'M');
INSERT INTO Curso (id, curso, campus, periodo) VALUES (5, 'Medicina', 'Pinheiros', 'M');
INSERT INTO Curso (id, curso, campus, periodo) VALUES (6, 'Medicina', 'Pinheiros', 'V');
INSERT INTO Curso (id, curso, campus, periodo) VALUES (7, 'Medicina', 'Pinheiros', 'N');

INSERT INTO Disciplina (id, nome, semestre) VALUES (1, 'Java', '2020-1');
INSERT INTO Disciplina (id, nome, semestre) VALUES (2, 'PHP', '2020-1');
INSERT INTO Disciplina (id, nome, semestre) VALUES (3, 'Farmacologia', '2020-1');
INSERT INTO Disciplina (id, nome, semestre) VALUES (4, 'Segurança de Dados', '2020-1');
INSERT INTO Disciplina (id, nome, semestre) VALUES (5, 'Virologia', '2020-1');
INSERT INTO Disciplina (id, nome, semestre) VALUES (6, 'Banco de Dados', '2019-2');

INSERT INTO Turma (id, disciplina_id, curso_id) VALUES (1, 1, 1);
INSERT INTO Turma (id, disciplina_id, curso_id) VALUES (2, 1, 2);
INSERT INTO Turma (id, disciplina_id, curso_id) VALUES (3, 2, 1);
INSERT INTO Turma (id, disciplina_id, curso_id) VALUES (4, 2, 2);
INSERT INTO Turma (id, disciplina_id, curso_id) VALUES (5, 1, 3);
INSERT INTO Turma (id, disciplina_id, curso_id) VALUES (6, 1, 4);
INSERT INTO Turma (id, disciplina_id, curso_id) VALUES (7, 2, 3);
INSERT INTO Turma (id, disciplina_id, curso_id) VALUES (8, 2, 4);
INSERT INTO Turma (id, disciplina_id, curso_id) VALUES (9, 4, 3);
INSERT INTO Turma (id, disciplina_id, curso_id) VALUES (10, 6, 4);
INSERT INTO Turma (id, disciplina_id, curso_id) VALUES (11, 3, 5);
INSERT INTO Turma (id, disciplina_id, curso_id) VALUES (12, 5, 5);
INSERT INTO Turma (id, disciplina_id, curso_id) VALUES (13, 3, 6);
INSERT INTO Turma (id, disciplina_id, curso_id) VALUES (14, 5, 6);
INSERT INTO Turma (id, disciplina_id, curso_id) VALUES (15, 3, 7);
INSERT INTO Turma (id, disciplina_id, curso_id) VALUES (16, 5, 7);
